event.event_id,Restaurant Id,Restaurant Name,restaurant.photos_url,event.title,event.start_date,event.end_date
322331.0,18649486,The Drunken Botanist,https://www.zomato.com/ncr/the-drunken-botanist-dlf-cyber-city-gurgaon/photos?utm_source=api_basic_user&utm_medium=api&utm_campaign=v2.1#tabtop,"BackToBasic Wednesdays !!


",2019-03-06,2019-08-28
332812.0,308322,Hauz Khas Social,https://www.zomato.com/HauzKhasSocial/photos?utm_source=api_basic_user&utm_medium=api&utm_campaign=v2.1#tabtop,Live 20/20 Match Screenings,2019-03-29,2019-05-23
336644.0,18856789,AIR- An Ivory Region,https://www.zomato.com/ncr/air-an-ivory-region-punjabi-bagh-new-delhi/photos?utm_source=api_basic_user&utm_medium=api&utm_campaign=v2.1#tabtop,Dhol Bhangra Night,2019-04-10,2019-04-11
336889.0,18382360,Local,https://www.zomato.com/ncr/local-connaught-place-new-delhi/photos?utm_source=api_basic_user&utm_medium=api&utm_campaign=v2.1#tabtop,Cocktail Wednesday,2019-04-10,2019-04-10
336889.0,18382360,Local,https://www.zomato.com/ncr/local-connaught-place-new-delhi/photos?utm_source=api_basic_user&utm_medium=api&utm_campaign=v2.1#tabtop,Cocktail Wednesday,2019-04-10,2019-04-10
336889.0,18382360,Local,https://www.zomato.com/ncr/local-connaught-place-new-delhi/photos?utm_source=api_basic_user&utm_medium=api&utm_campaign=v2.1#tabtop,Cocktail Wednesday,2019-04-10,2019-04-10
336889.0,18382360,Local,https://www.zomato.com/ncr/local-connaught-place-new-delhi/photos?utm_source=api_basic_user&utm_medium=api&utm_campaign=v2.1#tabtop,Cocktail Wednesday,2019-04-10,2019-04-10
336889.0,18382360,Local,https://www.zomato.com/ncr/local-connaught-place-new-delhi/photos?utm_source=api_basic_user&utm_medium=api&utm_campaign=v2.1#tabtop,Cocktail Wednesday,2019-04-10,2019-04-10
336888.0,18273624,Cafeteria & Co.,https://www.zomato.com/ncr/cafeteria-co-vijay-nagar-new-delhi/photos?utm_source=api_basic_user&utm_medium=api&utm_campaign=v2.1#tabtop,Cocktail Wednesday,2019-04-10,2019-04-10
336890.0,18466951,Jungle Jamboree,https://www.zomato.com/ncr/jungle-jamboree-sector-34-noida/photos?utm_source=api_basic_user&utm_medium=api&utm_campaign=v2.1#tabtop,Cocktail Wednesday,2019-04-10,2019-04-10
336890.0,18466951,Jungle Jamboree,https://www.zomato.com/ncr/jungle-jamboree-sector-34-noida/photos?utm_source=api_basic_user&utm_medium=api&utm_campaign=v2.1#tabtop,Cocktail Wednesday,2019-04-10,2019-04-10
336890.0,18466951,Jungle Jamboree,https://www.zomato.com/ncr/jungle-jamboree-sector-34-noida/photos?utm_source=api_basic_user&utm_medium=api&utm_campaign=v2.1#tabtop,Cocktail Wednesday,2019-04-10,2019-04-10
336894.0,306046,SodaBottleOpenerWala,https://www.zomato.com/ncr/sodabottleopenerwala-dlf-cyber-city-gurgaon/photos?utm_source=api_basic_user&utm_medium=api&utm_campaign=v2.1#tabtop,Hip Hop Friday,2019-04-12,2019-04-12
336903.0,18337893,The Luggage Room Kitchen And Bar,https://www.zomato.com/TheLuggageRoom/photos?utm_source=api_basic_user&utm_medium=api&utm_campaign=v2.1#tabtop,Urban Saturday,2019-04-13,2019-04-13
336903.0,18337893,The Luggage Room Kitchen And Bar,https://www.zomato.com/TheLuggageRoom/photos?utm_source=api_basic_user&utm_medium=api&utm_campaign=v2.1#tabtop,Urban Saturday,2019-04-13,2019-04-13
116096.0,18246991,Odeon Social,https://www.zomato.com/OdeonSocial/photos?utm_source=api_basic_user&utm_medium=api&utm_campaign=v2.1#tabtop,Festive Food Bonanza || Special Buffet Prices starting @ Rs. 499 + || Full Day Alacarte,2019-01-21,2019-05-31
161417.0,8913,Pirates of Grill,https://www.zomato.com/ncr/pirates-of-grill-mg-road-gurgaon/photos?utm_source=api_basic_user&utm_medium=api&utm_campaign=v2.1#tabtop,7 Course High Tea Birthday & Kitty Parties @ Rs. 499 + onwards with Unlimited Aerated Drinks,2019-01-21,2019-05-31
336622.0,313256,The Junkyard Cafe,https://www.zomato.com/ncr/the-junkyard-cafe-connaught-place-new-delhi/photos?utm_source=api_basic_user&utm_medium=api&utm_campaign=v2.1#tabtop,Special Navratras Thali at just @399 +Taxes at Jungle Jamboree,2019-04-08,2019-04-13
336251.0,17953943,The Burger Club,https://www.zomato.com/ncr/the-burger-club-rajouri-garden-new-delhi/photos?utm_source=api_basic_user&utm_medium=api&utm_campaign=v2.1#tabtop,Commercial Night,2019-04-10,2019-04-11
336248.0,18258498,Chinese Kitchen,https://www.zomato.com/ncr/chinese-kitchen-karkardooma-new-delhi/photos?utm_source=api_basic_user&utm_medium=api&utm_campaign=v2.1#tabtop,Ladies Night,2019-04-11,2019-04-11
332812.0,18707652,Zam Zam,https://www.zomato.com/kolkata/zam-zam-ballygunge/photos?utm_source=api_basic_user&utm_medium=api&utm_campaign=v2.1#tabtop,Live 20/20 Match Screenings,2019-03-29,2019-05-23
292840.0,18259462,Ocean Grill,https://www.zomato.com/kolkata/ocean-grill-1-sector-5-salt-lake/photos?utm_source=api_basic_user&utm_medium=api&utm_campaign=v2.1#tabtop,Corporate Lunch Box ,2018-12-28,2019-12-31
292840.0,18259462,Ocean Grill,https://www.zomato.com/kolkata/ocean-grill-1-sector-5-salt-lake/photos?utm_source=api_basic_user&utm_medium=api&utm_campaign=v2.1#tabtop,Corporate Lunch Box ,2018-12-28,2019-12-31
292840.0,18259462,Ocean Grill,https://www.zomato.com/kolkata/ocean-grill-1-sector-5-salt-lake/photos?utm_source=api_basic_user&utm_medium=api&utm_campaign=v2.1#tabtop,Corporate Lunch Box ,2018-12-28,2019-12-31
297761.0,18761167,Echoes Kolkata,https://www.zomato.com/kolkata/echoes-kolkata-topsia/photos?utm_source=api_basic_user&utm_medium=api&utm_campaign=v2.1#tabtop,Happy Hour! ,2019-01-10,2019-12-31
316852.0,18751849,Five Mad Men,https://www.zomato.com/kolkata/five-mad-men-1-sector-5-salt-lake/photos?utm_source=api_basic_user&utm_medium=api&utm_campaign=v2.1#tabtop,Food Festival,2019-02-21,2019-05-31
316852.0,18751849,Five Mad Men,https://www.zomato.com/kolkata/five-mad-men-1-sector-5-salt-lake/photos?utm_source=api_basic_user&utm_medium=api&utm_campaign=v2.1#tabtop,Food Festival,2019-02-21,2019-05-31
316852.0,18751849,Five Mad Men,https://www.zomato.com/kolkata/five-mad-men-1-sector-5-salt-lake/photos?utm_source=api_basic_user&utm_medium=api&utm_campaign=v2.1#tabtop,Food Festival,2019-02-21,2019-05-31
316852.0,18751849,Five Mad Men,https://www.zomato.com/kolkata/five-mad-men-1-sector-5-salt-lake/photos?utm_source=api_basic_user&utm_medium=api&utm_campaign=v2.1#tabtop,Food Festival,2019-02-21,2019-05-31
316852.0,18751849,Five Mad Men,https://www.zomato.com/kolkata/five-mad-men-1-sector-5-salt-lake/photos?utm_source=api_basic_user&utm_medium=api&utm_campaign=v2.1#tabtop,Food Festival,2019-02-21,2019-05-31
316852.0,18751849,Five Mad Men,https://www.zomato.com/kolkata/five-mad-men-1-sector-5-salt-lake/photos?utm_source=api_basic_user&utm_medium=api&utm_campaign=v2.1#tabtop,Food Festival,2019-02-21,2019-05-31
316852.0,18751849,Five Mad Men,https://www.zomato.com/kolkata/five-mad-men-1-sector-5-salt-lake/photos?utm_source=api_basic_user&utm_medium=api&utm_campaign=v2.1#tabtop,Food Festival,2019-02-21,2019-05-31
316852.0,18751849,Five Mad Men,https://www.zomato.com/kolkata/five-mad-men-1-sector-5-salt-lake/photos?utm_source=api_basic_user&utm_medium=api&utm_campaign=v2.1#tabtop,Food Festival,2019-02-21,2019-05-31
316852.0,18751849,Five Mad Men,https://www.zomato.com/kolkata/five-mad-men-1-sector-5-salt-lake/photos?utm_source=api_basic_user&utm_medium=api&utm_campaign=v2.1#tabtop,Food Festival,2019-02-21,2019-05-31
316852.0,18751849,Five Mad Men,https://www.zomato.com/kolkata/five-mad-men-1-sector-5-salt-lake/photos?utm_source=api_basic_user&utm_medium=api&utm_campaign=v2.1#tabtop,Food Festival,2019-02-21,2019-05-31
316852.0,18751849,Five Mad Men,https://www.zomato.com/kolkata/five-mad-men-1-sector-5-salt-lake/photos?utm_source=api_basic_user&utm_medium=api&utm_campaign=v2.1#tabtop,Food Festival,2019-02-21,2019-05-31
316852.0,18751849,Five Mad Men,https://www.zomato.com/kolkata/five-mad-men-1-sector-5-salt-lake/photos?utm_source=api_basic_user&utm_medium=api&utm_campaign=v2.1#tabtop,Food Festival,2019-02-21,2019-05-31
316852.0,18751849,Five Mad Men,https://www.zomato.com/kolkata/five-mad-men-1-sector-5-salt-lake/photos?utm_source=api_basic_user&utm_medium=api&utm_campaign=v2.1#tabtop,Food Festival,2019-02-21,2019-05-31
316852.0,18751849,Five Mad Men,https://www.zomato.com/kolkata/five-mad-men-1-sector-5-salt-lake/photos?utm_source=api_basic_user&utm_medium=api&utm_campaign=v2.1#tabtop,Food Festival,2019-02-21,2019-05-31
316852.0,18751849,Five Mad Men,https://www.zomato.com/kolkata/five-mad-men-1-sector-5-salt-lake/photos?utm_source=api_basic_user&utm_medium=api&utm_campaign=v2.1#tabtop,Food Festival,2019-02-21,2019-05-31
316852.0,18751849,Five Mad Men,https://www.zomato.com/kolkata/five-mad-men-1-sector-5-salt-lake/photos?utm_source=api_basic_user&utm_medium=api&utm_campaign=v2.1#tabtop,Food Festival,2019-02-21,2019-05-31
316852.0,18751849,Five Mad Men,https://www.zomato.com/kolkata/five-mad-men-1-sector-5-salt-lake/photos?utm_source=api_basic_user&utm_medium=api&utm_campaign=v2.1#tabtop,Food Festival,2019-02-21,2019-05-31
316852.0,18751849,Five Mad Men,https://www.zomato.com/kolkata/five-mad-men-1-sector-5-salt-lake/photos?utm_source=api_basic_user&utm_medium=api&utm_campaign=v2.1#tabtop,Food Festival,2019-02-21,2019-05-31
316852.0,18751849,Five Mad Men,https://www.zomato.com/kolkata/five-mad-men-1-sector-5-salt-lake/photos?utm_source=api_basic_user&utm_medium=api&utm_campaign=v2.1#tabtop,Food Festival,2019-02-21,2019-05-31
316852.0,18751849,Five Mad Men,https://www.zomato.com/kolkata/five-mad-men-1-sector-5-salt-lake/photos?utm_source=api_basic_user&utm_medium=api&utm_campaign=v2.1#tabtop,Food Festival,2019-02-21,2019-05-31
316852.0,18751849,Five Mad Men,https://www.zomato.com/kolkata/five-mad-men-1-sector-5-salt-lake/photos?utm_source=api_basic_user&utm_medium=api&utm_campaign=v2.1#tabtop,Food Festival,2019-02-21,2019-05-31
321358.0,20747,India Restaurant,https://www.zomato.com/kolkata/india-restaurant-kidderpore/photos?utm_source=api_basic_user&utm_medium=api&utm_campaign=v2.1#tabtop,Shah Jahani e Thali (3-4 packs),2019-03-04,2019-08-31
321358.0,20747,India Restaurant,https://www.zomato.com/kolkata/india-restaurant-kidderpore/photos?utm_source=api_basic_user&utm_medium=api&utm_campaign=v2.1#tabtop,Shah Jahani e Thali (3-4 packs),2019-03-04,2019-08-31
321358.0,20747,India Restaurant,https://www.zomato.com/kolkata/india-restaurant-kidderpore/photos?utm_source=api_basic_user&utm_medium=api&utm_campaign=v2.1#tabtop,Shah Jahani e Thali (3-4 packs),2019-03-04,2019-08-31
321358.0,20747,India Restaurant,https://www.zomato.com/kolkata/india-restaurant-kidderpore/photos?utm_source=api_basic_user&utm_medium=api&utm_campaign=v2.1#tabtop,Shah Jahani e Thali (3-4 packs),2019-03-04,2019-08-31
321358.0,20747,India Restaurant,https://www.zomato.com/kolkata/india-restaurant-kidderpore/photos?utm_source=api_basic_user&utm_medium=api&utm_campaign=v2.1#tabtop,Shah Jahani e Thali (3-4 packs),2019-03-04,2019-08-31
321358.0,20747,India Restaurant,https://www.zomato.com/kolkata/india-restaurant-kidderpore/photos?utm_source=api_basic_user&utm_medium=api&utm_campaign=v2.1#tabtop,Shah Jahani e Thali (3-4 packs),2019-03-04,2019-08-31
321358.0,20747,India Restaurant,https://www.zomato.com/kolkata/india-restaurant-kidderpore/photos?utm_source=api_basic_user&utm_medium=api&utm_campaign=v2.1#tabtop,Shah Jahani e Thali (3-4 packs),2019-03-04,2019-08-31
328527.0,18461760,Kankurgachi Dhaba,https://www.zomato.com/kolkata/kankurgachi-dhaba-kankurgachi/photos?utm_source=api_basic_user&utm_medium=api&utm_campaign=v2.1#tabtop,Game Fever at DLKH!,2019-03-20,2019-07-31
328527.0,18461760,Kankurgachi Dhaba,https://www.zomato.com/kolkata/kankurgachi-dhaba-kankurgachi/photos?utm_source=api_basic_user&utm_medium=api&utm_campaign=v2.1#tabtop,Game Fever at DLKH!,2019-03-20,2019-07-31
328527.0,18461760,Kankurgachi Dhaba,https://www.zomato.com/kolkata/kankurgachi-dhaba-kankurgachi/photos?utm_source=api_basic_user&utm_medium=api&utm_campaign=v2.1#tabtop,Game Fever at DLKH!,2019-03-20,2019-07-31
337099.0,20404,Peter Cat,https://www.zomato.com/kolkata/peter-cat-park-street-area/photos?utm_source=api_basic_user&utm_medium=api&utm_campaign=v2.1#tabtop,Live Sports Screening,2019-04-09,2019-05-18
337096.0,18017615,What's Up,https://www.zomato.com/kolkata/whats-up-southern-avenue/photos?utm_source=api_basic_user&utm_medium=api&utm_campaign=v2.1#tabtop,Poila Baishak,2019-04-14,2019-04-15
337102.0,18265479,BJs Sports Restrau Cum Lounge,https://www.zomato.com/kolkata/bjs-sports-restrau-cum-lounge-hazra/photos?utm_source=api_basic_user&utm_medium=api&utm_campaign=v2.1#tabtop,Poila Baishak Special,2019-04-14,2019-04-15
260569.0,18377098,CALCUTTA 64,https://www.zomato.com/kolkata/calcutta-64-sector-1-salt-lake/photos?utm_source=api_basic_user&utm_medium=api&utm_campaign=v2.1#tabtop,Corporate Buffet Dinner,2019-01-02,2019-09-30
334818.0,18377112,Nawwarah Fine Dine & Lounge,https://www.zomato.com/kolkata/nawwarah-fine-dine-lounge-ballygunge/photos?utm_source=api_basic_user&utm_medium=api&utm_campaign=v2.1#tabtop,Poila Baishakh Buffet ,2019-04-15,2019-04-15
286422.0,18591040,Hitchki,https://www.zomato.com/mumbai/hitchki-bandra-kurla-complex/photos?utm_source=api_basic_user&utm_medium=api&utm_campaign=v2.1#tabtop,Customised Party Packages,2018-12-17,2019-04-30
337247.0,19008239,HAS South Bombay,https://www.zomato.com/mumbai/has-south-bombay-marol/photos?utm_source=api_basic_user&utm_medium=api&utm_campaign=v2.1#tabtop,Celebrate Poila Boishak with Echoes,2019-04-15,2019-04-15
333108.0,18392711,Lord Of The Drinks,https://www.zomato.com/mumbai/lord-of-the-drinks-veera-desai-area/photos?utm_source=api_basic_user&utm_medium=api&utm_campaign=v2.1#tabtop,Apna Stadium Khud Chuno - IPL 2019 Big Match Day,2019-04-03,2019-05-05
333108.0,18392711,Lord Of The Drinks,https://www.zomato.com/mumbai/lord-of-the-drinks-veera-desai-area/photos?utm_source=api_basic_user&utm_medium=api&utm_campaign=v2.1#tabtop,Apna Stadium Khud Chuno - IPL 2019 Big Match Day,2019-04-03,2019-05-05
333108.0,18392711,Lord Of The Drinks,https://www.zomato.com/mumbai/lord-of-the-drinks-veera-desai-area/photos?utm_source=api_basic_user&utm_medium=api&utm_campaign=v2.1#tabtop,Apna Stadium Khud Chuno - IPL 2019 Big Match Day,2019-04-03,2019-05-05
334920.0,18616378,Lord of the Drinks,https://www.zomato.com/mumbai/lord-of-the-drinks-lower-parel/photos?utm_source=api_basic_user&utm_medium=api&utm_campaign=v2.1#tabtop,Ladies Night,2019-04-11,2019-04-11
334922.0,18669432,HITCHKI,https://www.zomato.com/mumbai/hitchki-majiwada-thane-west-thane/photos?utm_source=api_basic_user&utm_medium=api&utm_campaign=v2.1#tabtop,Game of Thrones - Special Screening of season 8,2019-04-15,2019-04-15
336892.0,18397684,Craftbar,https://www.zomato.com/mumbai/craftbar-bandra-east/photos?utm_source=api_basic_user&utm_medium=api&utm_campaign=v2.1#tabtop,Bombay Velvet,2019-04-11,2019-04-12
336892.0,18397684,Craftbar,https://www.zomato.com/mumbai/craftbar-bandra-east/photos?utm_source=api_basic_user&utm_medium=api&utm_campaign=v2.1#tabtop,Bombay Velvet,2019-04-11,2019-04-12
336892.0,18397684,Craftbar,https://www.zomato.com/mumbai/craftbar-bandra-east/photos?utm_source=api_basic_user&utm_medium=api&utm_campaign=v2.1#tabtop,Bombay Velvet,2019-04-11,2019-04-12
336892.0,18397684,Craftbar,https://www.zomato.com/mumbai/craftbar-bandra-east/photos?utm_source=api_basic_user&utm_medium=api&utm_campaign=v2.1#tabtop,Bombay Velvet,2019-04-11,2019-04-12
336892.0,18397684,Craftbar,https://www.zomato.com/mumbai/craftbar-bandra-east/photos?utm_source=api_basic_user&utm_medium=api&utm_campaign=v2.1#tabtop,Bombay Velvet,2019-04-11,2019-04-12
336892.0,18397684,Craftbar,https://www.zomato.com/mumbai/craftbar-bandra-east/photos?utm_source=api_basic_user&utm_medium=api&utm_campaign=v2.1#tabtop,Bombay Velvet,2019-04-11,2019-04-12
336898.0,36403,Prithvi Cafe,https://www.zomato.com/mumbai/prithvi-cafe-juhu/photos?utm_source=api_basic_user&utm_medium=api&utm_campaign=v2.1#tabtop,Zulfi Performing Live,2019-04-12,2019-04-13
298104.0,18691230,Grandmama's Café,https://www.zomato.com/mumbai/grandmamas-café-ghatkopar-west/photos?utm_source=api_basic_user&utm_medium=api&utm_campaign=v2.1#tabtop,HAPPY HOURS 1+1 ,2019-03-15,2019-04-30
298104.0,18691230,Grandmama's Café,https://www.zomato.com/mumbai/grandmamas-café-ghatkopar-west/photos?utm_source=api_basic_user&utm_medium=api&utm_campaign=v2.1#tabtop,HAPPY HOURS 1+1 ,2019-03-15,2019-04-30
336881.0,18254597,Brew and Barbeque - A Microbrewery Pub,https://www.zomato.com/bangalore/brew-and-barbeque-a-microbrewery-pub-marathahalli-bangalore/photos?utm_source=api_basic_user&utm_medium=api&utm_campaign=v2.1#tabtop,Juggy & Band Live,2019-04-10,2019-04-11
318235.0,18387426,The Black Pearl,https://www.zomato.com/bangalore/the-black-pearl-marathahalli/photos?utm_source=api_basic_user&utm_medium=api&utm_campaign=v2.1#tabtop,Zumba Fitness with ZIN Mohsin & ZIN Varsha at Rude Powai,2019-04-20,2019-04-20
318235.0,18387426,The Black Pearl,https://www.zomato.com/bangalore/the-black-pearl-marathahalli/photos?utm_source=api_basic_user&utm_medium=api&utm_campaign=v2.1#tabtop,Zumba Fitness with ZIN Mohsin & ZIN Varsha at Rude Powai,2019-04-20,2019-04-20
318235.0,18387426,The Black Pearl,https://www.zomato.com/bangalore/the-black-pearl-marathahalli/photos?utm_source=api_basic_user&utm_medium=api&utm_campaign=v2.1#tabtop,Zumba Fitness with ZIN Mohsin & ZIN Varsha at Rude Powai,2019-04-20,2019-04-20
318235.0,18387426,The Black Pearl,https://www.zomato.com/bangalore/the-black-pearl-marathahalli/photos?utm_source=api_basic_user&utm_medium=api&utm_campaign=v2.1#tabtop,Zumba Fitness with ZIN Mohsin & ZIN Varsha at Rude Powai,2019-04-20,2019-04-20
330912.0,57833,Big Pitcher,https://www.zomato.com/bangalore/big-pitcher-airport-road/photos?utm_source=api_basic_user&utm_medium=api&utm_campaign=v2.1#tabtop,Live Cricket Screening (Exclusive),2019-03-25,2019-04-30
337298.0,54162,The Black Pearl,https://www.zomato.com/bangalore/the-black-pearl-koramangala-5th-block/photos?utm_source=api_basic_user&utm_medium=api&utm_campaign=v2.1#tabtop,Happy Hours ,2019-04-09,2020-05-29
337298.0,54162,The Black Pearl,https://www.zomato.com/bangalore/the-black-pearl-koramangala-5th-block/photos?utm_source=api_basic_user&utm_medium=api&utm_campaign=v2.1#tabtop,Happy Hours ,2019-04-09,2020-05-29
337298.0,54162,The Black Pearl,https://www.zomato.com/bangalore/the-black-pearl-koramangala-5th-block/photos?utm_source=api_basic_user&utm_medium=api&utm_campaign=v2.1#tabtop,Happy Hours ,2019-04-09,2020-05-29
337298.0,54162,The Black Pearl,https://www.zomato.com/bangalore/the-black-pearl-koramangala-5th-block/photos?utm_source=api_basic_user&utm_medium=api&utm_campaign=v2.1#tabtop,Happy Hours ,2019-04-09,2020-05-29
337298.0,54162,The Black Pearl,https://www.zomato.com/bangalore/the-black-pearl-koramangala-5th-block/photos?utm_source=api_basic_user&utm_medium=api&utm_campaign=v2.1#tabtop,Happy Hours ,2019-04-09,2020-05-29
337298.0,54162,The Black Pearl,https://www.zomato.com/bangalore/the-black-pearl-koramangala-5th-block/photos?utm_source=api_basic_user&utm_medium=api&utm_campaign=v2.1#tabtop,Happy Hours ,2019-04-09,2020-05-29
337298.0,54162,The Black Pearl,https://www.zomato.com/bangalore/the-black-pearl-koramangala-5th-block/photos?utm_source=api_basic_user&utm_medium=api&utm_campaign=v2.1#tabtop,Happy Hours ,2019-04-09,2020-05-29
336620.0,18853706,Brahma Brews,https://www.zomato.com/bangalore/brahma-brews-jp-nagar-bangalore/photos?utm_source=api_basic_user&utm_medium=api&utm_campaign=v2.1#tabtop,Glam & Glitz Bolly Molly Ladies Retro Night,2019-04-10,2019-04-11
336992.0,18625420,Burma Burma,https://www.zomato.com/bangalore/burma-burma-indiranagar-bangalore/photos?utm_source=api_basic_user&utm_medium=api&utm_campaign=v2.1#tabtop,MTV Swag Ladies Night ,2019-04-11,2019-04-12
337480.0,18595782,The Pallet,https://www.zomato.com/bangalore/the-pallet-whitefield/photos?utm_source=api_basic_user&utm_medium=api&utm_campaign=v2.1#tabtop,Friday Night,2019-04-12,2019-04-13
337480.0,18595782,The Pallet,https://www.zomato.com/bangalore/the-pallet-whitefield/photos?utm_source=api_basic_user&utm_medium=api&utm_campaign=v2.1#tabtop,Friday Night,2019-04-12,2019-04-13
337480.0,18595782,The Pallet,https://www.zomato.com/bangalore/the-pallet-whitefield/photos?utm_source=api_basic_user&utm_medium=api&utm_campaign=v2.1#tabtop,Friday Night,2019-04-12,2019-04-13
337480.0,18595782,The Pallet,https://www.zomato.com/bangalore/the-pallet-whitefield/photos?utm_source=api_basic_user&utm_medium=api&utm_campaign=v2.1#tabtop,Friday Night,2019-04-12,2019-04-13
337480.0,18595782,The Pallet,https://www.zomato.com/bangalore/the-pallet-whitefield/photos?utm_source=api_basic_user&utm_medium=api&utm_campaign=v2.1#tabtop,Friday Night,2019-04-12,2019-04-13
337480.0,18595782,The Pallet,https://www.zomato.com/bangalore/the-pallet-whitefield/photos?utm_source=api_basic_user&utm_medium=api&utm_campaign=v2.1#tabtop,Friday Night,2019-04-12,2019-04-13
337480.0,18595782,The Pallet,https://www.zomato.com/bangalore/the-pallet-whitefield/photos?utm_source=api_basic_user&utm_medium=api&utm_campaign=v2.1#tabtop,Friday Night,2019-04-12,2019-04-13
337480.0,18595782,The Pallet,https://www.zomato.com/bangalore/the-pallet-whitefield/photos?utm_source=api_basic_user&utm_medium=api&utm_campaign=v2.1#tabtop,Friday Night,2019-04-12,2019-04-13
337480.0,18595782,The Pallet,https://www.zomato.com/bangalore/the-pallet-whitefield/photos?utm_source=api_basic_user&utm_medium=api&utm_campaign=v2.1#tabtop,Friday Night,2019-04-12,2019-04-13
337300.0,18537585,The Reservoire,https://www.zomato.com/bangalore/the-reservoire-koramangala-5th-block/photos?utm_source=api_basic_user&utm_medium=api&utm_campaign=v2.1#tabtop,Saturday Night,2019-04-13,2019-04-14
337300.0,18537585,The Reservoire,https://www.zomato.com/bangalore/the-reservoire-koramangala-5th-block/photos?utm_source=api_basic_user&utm_medium=api&utm_campaign=v2.1#tabtop,Saturday Night,2019-04-13,2019-04-14
337300.0,18537585,The Reservoire,https://www.zomato.com/bangalore/the-reservoire-koramangala-5th-block/photos?utm_source=api_basic_user&utm_medium=api&utm_campaign=v2.1#tabtop,Saturday Night,2019-04-13,2019-04-14
337300.0,18537585,The Reservoire,https://www.zomato.com/bangalore/the-reservoire-koramangala-5th-block/photos?utm_source=api_basic_user&utm_medium=api&utm_campaign=v2.1#tabtop,Saturday Night,2019-04-13,2019-04-14
337023.0,56618,AB's - Absolute Barbecues,https://www.zomato.com/bangalore/abs-absolute-barbecues-marathahalli/photos?utm_source=api_basic_user&utm_medium=api&utm_campaign=v2.1#tabtop,Sunday Night ,2019-04-14,2019-04-15
336281.0,18874059,The Pump House,https://www.zomato.com/bangalore/the-pump-house-1-jp-nagar-bangalore/photos?utm_source=api_basic_user&utm_medium=api&utm_campaign=v2.1#tabtop,Ink-A-Laugh Presents Bearly Funny,2019-04-11,2019-04-11
336279.0,18709627,Simon Says Brew Works,https://www.zomato.com/bangalore/simon-says-brew-works-koramangala-5th-block-bangalore/photos?utm_source=api_basic_user&utm_medium=api&utm_campaign=v2.1#tabtop,"Stand Up Comedy @ Coffee Culture, Bandra On Every Thursday !",2019-04-18,2019-04-18
336279.0,18709627,Simon Says Brew Works,https://www.zomato.com/bangalore/simon-says-brew-works-koramangala-5th-block-bangalore/photos?utm_source=api_basic_user&utm_medium=api&utm_campaign=v2.1#tabtop,"Stand Up Comedy @ Coffee Culture, Bandra On Every Thursday !",2019-04-18,2019-04-18
336279.0,18709627,Simon Says Brew Works,https://www.zomato.com/bangalore/simon-says-brew-works-koramangala-5th-block-bangalore/photos?utm_source=api_basic_user&utm_medium=api&utm_campaign=v2.1#tabtop,"Stand Up Comedy @ Coffee Culture, Bandra On Every Thursday !",2019-04-18,2019-04-18
336279.0,18709627,Simon Says Brew Works,https://www.zomato.com/bangalore/simon-says-brew-works-koramangala-5th-block-bangalore/photos?utm_source=api_basic_user&utm_medium=api&utm_campaign=v2.1#tabtop,"Stand Up Comedy @ Coffee Culture, Bandra On Every Thursday !",2019-04-18,2019-04-18
336279.0,18709627,Simon Says Brew Works,https://www.zomato.com/bangalore/simon-says-brew-works-koramangala-5th-block-bangalore/photos?utm_source=api_basic_user&utm_medium=api&utm_campaign=v2.1#tabtop,"Stand Up Comedy @ Coffee Culture, Bandra On Every Thursday !",2019-04-18,2019-04-18
336279.0,18709627,Simon Says Brew Works,https://www.zomato.com/bangalore/simon-says-brew-works-koramangala-5th-block-bangalore/photos?utm_source=api_basic_user&utm_medium=api&utm_campaign=v2.1#tabtop,"Stand Up Comedy @ Coffee Culture, Bandra On Every Thursday !",2019-04-18,2019-04-18
336279.0,18709627,Simon Says Brew Works,https://www.zomato.com/bangalore/simon-says-brew-works-koramangala-5th-block-bangalore/photos?utm_source=api_basic_user&utm_medium=api&utm_campaign=v2.1#tabtop,"Stand Up Comedy @ Coffee Culture, Bandra On Every Thursday !",2019-04-18,2019-04-18
332812.0,18642512,Stories,https://www.zomato.com/bangalore/stories-rajajinagar-bangalore/photos?utm_source=api_basic_user&utm_medium=api&utm_campaign=v2.1#tabtop,Live 20/20 Match Screenings,2019-03-29,2019-05-23
233993.0,18715982,Flechazo,https://www.zomato.com/pune/flechazo-wakad/photos?utm_source=api_basic_user&utm_medium=api&utm_campaign=v2.1#tabtop,Corporate Buffet Lunch at 199/-* (Monday to Friday) ,2019-01-09,2019-05-31
292701.0,18562250,Cafe Co2 Resto Lounge,https://www.zomato.com/pune/cafe-co2-resto-lounge-bhugaon/photos?utm_source=api_basic_user&utm_medium=api&utm_campaign=v2.1#tabtop,Friday Bollywood Night ,2019-02-01,2019-04-30
292145.0,6508166,Flying Duck Co.,https://www.zomato.com/pune/flying-duck-co-baner/photos?utm_source=api_basic_user&utm_medium=api&utm_campaign=v2.1#tabtop,Thursday Retro Night ,2019-02-07,2019-04-30
292145.0,6508166,Flying Duck Co.,https://www.zomato.com/pune/flying-duck-co-baner/photos?utm_source=api_basic_user&utm_medium=api&utm_campaign=v2.1#tabtop,Thursday Retro Night ,2019-02-07,2019-04-30
314235.0,18586395,Onesta,https://www.zomato.com/pune/onesta-kalyani-nagar/photos?utm_source=api_basic_user&utm_medium=api&utm_campaign=v2.1#tabtop,Saturday Live Band Night ,2019-02-14,2019-06-30
310422.0,18732937,Darshan,https://www.zomato.com/pune/darshan-baner/photos?utm_source=api_basic_user&utm_medium=api&utm_campaign=v2.1#tabtop,Sunday Karaoke Night ,2019-02-15,2019-04-30
309090.0,18784250,Universal Barbeque,https://www.zomato.com/pune/universal-barbeque-hinjawadi/photos?utm_source=api_basic_user&utm_medium=api&utm_campaign=v2.1#tabtop,Wednesday Angel's Night ,2019-02-20,2019-04-30
310712.0,18545152,AB's - Absolute Barbecues,https://www.zomato.com/pune/abs-absolute-barbecues-hinjawadi/photos?utm_source=api_basic_user&utm_medium=api&utm_campaign=v2.1#tabtop,Grandmama's Burger Shake & Fries Combo,2019-02-09,2019-04-20
310712.0,18545152,AB's - Absolute Barbecues,https://www.zomato.com/pune/abs-absolute-barbecues-hinjawadi/photos?utm_source=api_basic_user&utm_medium=api&utm_campaign=v2.1#tabtop,Grandmama's Burger Shake & Fries Combo,2019-02-09,2019-04-20
328877.0,18417624,The Sassy Spoon,https://www.zomato.com/pune/the-sassy-spoon-koregaon-park/photos?utm_source=api_basic_user&utm_medium=api&utm_campaign=v2.1#tabtop,IPL Hours at Grandmama's Cafe,2019-03-25,2019-05-19
328877.0,18417624,The Sassy Spoon,https://www.zomato.com/pune/the-sassy-spoon-koregaon-park/photos?utm_source=api_basic_user&utm_medium=api&utm_campaign=v2.1#tabtop,IPL Hours at Grandmama's Cafe,2019-03-25,2019-05-19
277195.0,18621437,The FML Lounge,https://www.zomato.com/pune/the-fml-lounge-hinjawadi/photos?utm_source=api_basic_user&utm_medium=api&utm_campaign=v2.1#tabtop,Sunday Brunch,2018-11-25,2019-12-29
277195.0,18621437,The FML Lounge,https://www.zomato.com/pune/the-fml-lounge-hinjawadi/photos?utm_source=api_basic_user&utm_medium=api&utm_campaign=v2.1#tabtop,Sunday Brunch,2018-11-25,2019-12-29
277195.0,18621437,The FML Lounge,https://www.zomato.com/pune/the-fml-lounge-hinjawadi/photos?utm_source=api_basic_user&utm_medium=api&utm_campaign=v2.1#tabtop,Sunday Brunch,2018-11-25,2019-12-29
277195.0,18621437,The FML Lounge,https://www.zomato.com/pune/the-fml-lounge-hinjawadi/photos?utm_source=api_basic_user&utm_medium=api&utm_campaign=v2.1#tabtop,Sunday Brunch,2018-11-25,2019-12-29
277195.0,18621437,The FML Lounge,https://www.zomato.com/pune/the-fml-lounge-hinjawadi/photos?utm_source=api_basic_user&utm_medium=api&utm_campaign=v2.1#tabtop,Sunday Brunch,2018-11-25,2019-12-29
277195.0,18621437,The FML Lounge,https://www.zomato.com/pune/the-fml-lounge-hinjawadi/photos?utm_source=api_basic_user&utm_medium=api&utm_campaign=v2.1#tabtop,Sunday Brunch,2018-11-25,2019-12-29
277195.0,18621437,The FML Lounge,https://www.zomato.com/pune/the-fml-lounge-hinjawadi/photos?utm_source=api_basic_user&utm_medium=api&utm_campaign=v2.1#tabtop,Sunday Brunch,2018-11-25,2019-12-29
277195.0,18621437,The FML Lounge,https://www.zomato.com/pune/the-fml-lounge-hinjawadi/photos?utm_source=api_basic_user&utm_medium=api&utm_campaign=v2.1#tabtop,Sunday Brunch,2018-11-25,2019-12-29
277195.0,18621437,The FML Lounge,https://www.zomato.com/pune/the-fml-lounge-hinjawadi/photos?utm_source=api_basic_user&utm_medium=api&utm_campaign=v2.1#tabtop,Sunday Brunch,2018-11-25,2019-12-29
277195.0,18621437,The FML Lounge,https://www.zomato.com/pune/the-fml-lounge-hinjawadi/photos?utm_source=api_basic_user&utm_medium=api&utm_campaign=v2.1#tabtop,Sunday Brunch,2018-11-25,2019-12-29
279297.0,18890430,The Barkhana,https://www.zomato.com/pune/the-barkhana-wakad/photos?utm_source=api_basic_user&utm_medium=api&utm_campaign=v2.1#tabtop,Byg Spirited Labels,2018-11-29,2019-04-30
279297.0,18890430,The Barkhana,https://www.zomato.com/pune/the-barkhana-wakad/photos?utm_source=api_basic_user&utm_medium=api&utm_campaign=v2.1#tabtop,Byg Spirited Labels,2018-11-29,2019-04-30
279336.0,18617201,Onesta,https://www.zomato.com/pune/onesta-hadapsar/photos?utm_source=api_basic_user&utm_medium=api&utm_campaign=v2.1#tabtop,Corporate Events,2018-11-29,2019-12-31
279336.0,18617201,Onesta,https://www.zomato.com/pune/onesta-hadapsar/photos?utm_source=api_basic_user&utm_medium=api&utm_campaign=v2.1#tabtop,Corporate Events,2018-11-29,2019-12-31
329360.0,18650304,Tatva,https://www.zomato.com/pune/tatva-wakad/photos?utm_source=api_basic_user&utm_medium=api&utm_campaign=v2.1#tabtop,MOODYMONDAYS,2019-03-22,2019-04-30
329396.0,18657534,Viman Nagar Social,https://www.zomato.com/vimannagarsocial/photos?utm_source=api_basic_user&utm_medium=api&utm_campaign=v2.1#tabtop,SUNDAYBRUNCH,2019-03-22,2019-04-30
329375.0,18536004,Culture - पुणे,https://www.zomato.com/pune/culture-fc-road/photos?utm_source=api_basic_user&utm_medium=api&utm_campaign=v2.1#tabtop,FABULOUSFRIDAY,2019-03-22,2019-04-30
329375.0,18536004,Culture - पुणे,https://www.zomato.com/pune/culture-fc-road/photos?utm_source=api_basic_user&utm_medium=api&utm_campaign=v2.1#tabtop,FABULOUSFRIDAY,2019-03-22,2019-04-30
329363.0,6508323,The Urban Foundry,https://www.zomato.com/pune/the-urban-foundry-baner/photos?utm_source=api_basic_user&utm_medium=api&utm_campaign=v2.1#tabtop,BIERRAOKE,2019-03-22,2019-04-30
329793.0,18678581,Hippie@Heart,https://www.zomato.com/pune/hippie@heart-deccan-gymkhana/photos?utm_source=api_basic_user&utm_medium=api&utm_campaign=v2.1#tabtop,SWAGGERSATURDAY,2019-03-23,2019-04-30
332383.0,90896,Bawarchi,https://www.zomato.com/hyderabad/bawarchi-nallakunta/photos?utm_source=api_basic_user&utm_medium=api&utm_campaign=v2.1#tabtop,STANDUPCOMEDY,2019-03-28,2019-04-30
335948.0,18550292,Flechazo,https://www.zomato.com/hyderabad/flechazo-madhapur/photos?utm_source=api_basic_user&utm_medium=api&utm_campaign=v2.1#tabtop,Ladies & Models Night Ft. DJ Njay,2019-04-11,2019-04-12
335953.0,18312984,Sahib’s Barbeque by Ohri’s,https://www.zomato.com/hyderabad/sahib-s-barbeque-by-ohri-s-hitech-city/photos?utm_source=api_basic_user&utm_medium=api&utm_campaign=v2.1#tabtop,Friday Night Ft. Kaleem & Basand,2019-04-12,2019-04-13
335954.0,18538735,Over The Moon Brew Company,https://www.zomato.com/hyderabad/over-the-moon-brew-company-gachibowli/photos?utm_source=api_basic_user&utm_medium=api&utm_campaign=v2.1#tabtop,Saturday Night Ft. Kaleem & Basand,2019-04-13,2019-04-14
335989.0,18470497,84 Anjuna Shack,https://www.zomato.com/hyderabad/84-anjuna-shack-kondapur/photos?utm_source=api_basic_user&utm_medium=api&utm_campaign=v2.1#tabtop,Unplugged Night Ft. Saher,2019-04-14,2019-04-15
328860.0,18582430,Lucky Restaurant,https://www.zomato.com/hyderabad/lucky-restaurant-nagole/photos?utm_source=api_basic_user&utm_medium=api&utm_campaign=v2.1#tabtop,Cricket Season Specials at The Black Pearl Marathahalii,2019-03-20,2019-06-10
334204.0,18514668,Captain Cook,https://www.zomato.com/hyderabad/captain-cook-musheerabad/photos?utm_source=api_basic_user&utm_medium=api&utm_campaign=v2.1#tabtop,Multiple Corporate Offers at the Black Pearl Marathahalli ,2019-04-02,2020-03-31
334204.0,18514668,Captain Cook,https://www.zomato.com/hyderabad/captain-cook-musheerabad/photos?utm_source=api_basic_user&utm_medium=api&utm_campaign=v2.1#tabtop,Multiple Corporate Offers at the Black Pearl Marathahalli ,2019-04-02,2020-03-31
334206.0,18715296,Bakasura Restaurant,https://www.zomato.com/hyderabad/bakasura-restaurant-as-rao-nagar-secunderabad/photos?utm_source=api_basic_user&utm_medium=api&utm_campaign=v2.1#tabtop,Early Bird & Late Bird Offers at Black Pearl ,2019-04-02,2020-03-31
334206.0,18715296,Bakasura Restaurant,https://www.zomato.com/hyderabad/bakasura-restaurant-as-rao-nagar-secunderabad/photos?utm_source=api_basic_user&utm_medium=api&utm_campaign=v2.1#tabtop,Early Bird & Late Bird Offers at Black Pearl ,2019-04-02,2020-03-31
334210.0,18673497,Onesta,https://www.zomato.com/hyderabad/onesta-banjara-hills/photos?utm_source=api_basic_user&utm_medium=api&utm_campaign=v2.1#tabtop,Cocktails and Mocktails offers at Black Pearl ,2019-04-02,2020-03-31
334210.0,18673497,Onesta,https://www.zomato.com/hyderabad/onesta-banjara-hills/photos?utm_source=api_basic_user&utm_medium=api&utm_campaign=v2.1#tabtop,Cocktails and Mocktails offers at Black Pearl ,2019-04-02,2020-03-31
334210.0,18673497,Onesta,https://www.zomato.com/hyderabad/onesta-banjara-hills/photos?utm_source=api_basic_user&utm_medium=api&utm_campaign=v2.1#tabtop,Cocktails and Mocktails offers at Black Pearl ,2019-04-02,2020-03-31
270216.0,95831,Green Bawarchi,https://www.zomato.com/hyderabad/green-bawarchi-dilsukhnagar/photos?utm_source=api_basic_user&utm_medium=api&utm_campaign=v2.1#tabtop,New Food Menu Launch at Big Pitcher,2018-11-01,2020-10-31
302811.0,18138652,Paradise,https://www.zomato.com/hyderabad/paradise-gachibowli/photos?utm_source=api_basic_user&utm_medium=api&utm_campaign=v2.1#tabtop,Special Pirate Packages for Lunch ,2019-01-23,2019-04-30
319906.0,90903,Shah Ghouse Cafe & Restaurant,https://www.zomato.com/hyderabad/shah-ghouse-cafe-restaurant-tolichowki/photos?utm_source=api_basic_user&utm_medium=api&utm_campaign=v2.1#tabtop,WEEKLY OFFERS,2019-02-28,2019-12-31
327964.0,18807262,Broadway,https://www.zomato.com/hyderabad/broadway-jubilee-hills/photos?utm_source=api_basic_user&utm_medium=api&utm_campaign=v2.1#tabtop,Circket  Fever ,2019-03-23,2019-05-12
336921.0,18774025,eat.fit,https://www.zomato.com/hyderabad/eat-fit-gachibowli/photos?utm_source=api_basic_user&utm_medium=api&utm_campaign=v2.1#tabtop,Unlimited Alcohol Offers at The Black Pearl,2019-04-08,2020-03-31
336921.0,18774025,eat.fit,https://www.zomato.com/hyderabad/eat-fit-gachibowli/photos?utm_source=api_basic_user&utm_medium=api&utm_campaign=v2.1#tabtop,Unlimited Alcohol Offers at The Black Pearl,2019-04-08,2020-03-31
336921.0,18774025,eat.fit,https://www.zomato.com/hyderabad/eat-fit-gachibowli/photos?utm_source=api_basic_user&utm_medium=api&utm_campaign=v2.1#tabtop,Unlimited Alcohol Offers at The Black Pearl,2019-04-08,2020-03-31
336924.0,18965675,Chubby Cho,https://www.zomato.com/hyderabad/chubby-cho-jubilee-hills/photos?utm_source=api_basic_user&utm_medium=api&utm_campaign=v2.1#tabtop,"Every 11 pax get 1 free buffet, Every 20 pax get 2 free buffet",2019-04-08,2020-03-31
336924.0,18965675,Chubby Cho,https://www.zomato.com/hyderabad/chubby-cho-jubilee-hills/photos?utm_source=api_basic_user&utm_medium=api&utm_campaign=v2.1#tabtop,"Every 11 pax get 1 free buffet, Every 20 pax get 2 free buffet",2019-04-08,2020-03-31
336929.0,18607685,Farzi Cafe,https://www.zomato.com/hyderabad/farzi-cafe-jubilee-hills/photos?utm_source=api_basic_user&utm_medium=api&utm_campaign=v2.1#tabtop,Early Bird Offer & Full Bottle Offer,2019-04-08,2020-03-31
336929.0,18607685,Farzi Cafe,https://www.zomato.com/hyderabad/farzi-cafe-jubilee-hills/photos?utm_source=api_basic_user&utm_medium=api&utm_campaign=v2.1#tabtop,Early Bird Offer & Full Bottle Offer,2019-04-08,2020-03-31
336929.0,18607685,Farzi Cafe,https://www.zomato.com/hyderabad/farzi-cafe-jubilee-hills/photos?utm_source=api_basic_user&utm_medium=api&utm_campaign=v2.1#tabtop,Early Bird Offer & Full Bottle Offer,2019-04-08,2020-03-31
336929.0,18607685,Farzi Cafe,https://www.zomato.com/hyderabad/farzi-cafe-jubilee-hills/photos?utm_source=api_basic_user&utm_medium=api&utm_campaign=v2.1#tabtop,Early Bird Offer & Full Bottle Offer,2019-04-08,2020-03-31
336932.0,94402,4M Biryani House,https://www.zomato.com/hyderabad/4m-biryani-house-musheerabad/photos?utm_source=api_basic_user&utm_medium=api&utm_campaign=v2.1#tabtop,Sunday Specials at The Black Pearl,2019-04-08,2020-03-31
251427.0,18595414,Coal Barbecues,https://www.zomato.com/chennai/coal-barbecues-t-nagar/photos?utm_source=api_basic_user&utm_medium=api&utm_campaign=v2.1#tabtop,The Desi Electrifier Night | Every Wednesday | Ft. DJ 303K | Bollywood Deep House,2019-04-10,2019-04-10
194302.0,18513783,Onesta,https://www.zomato.com/chennai/onesta-semmancheri/photos?utm_source=api_basic_user&utm_medium=api&utm_campaign=v2.1#tabtop,Planning an office event? | Corporate Packages & Discounts,2019-04-11,2019-04-11
332104.0,70856,AB's - Absolute Barbecues,https://www.zomato.com/chennai/abs-absolute-barbecues-t-nagar/photos?utm_source=api_basic_user&utm_medium=api&utm_campaign=v2.1#tabtop,Live T-20 Sports Screening | Beer Pitchers @ 500/-,2019-04-11,2019-04-11
262407.0,18423043,Dhaba Estd 1986 Delhi,https://www.zomato.com/chennai/dhaba-estd-1986-delhi-nungambakkam/photos?utm_source=api_basic_user&utm_medium=api&utm_campaign=v2.1#tabtop,BollyEDM Night | This Friday | Ft. DJ Ashwin | EDM and Bollywood Night,2019-04-12,2019-04-12
199069.0,67407,Copper Kitchen,https://www.zomato.com/chennai/copper-kitchen-porur/photos?utm_source=api_basic_user&utm_medium=api&utm_campaign=v2.1#tabtop,Bollywood Night Ft. DJ SAM | Live Dhol Performance,2019-04-13,2019-04-13
206595.0,73279,Paradise,https://www.zomato.com/chennai/paradise-perungudi/photos?utm_source=api_basic_user&utm_medium=api&utm_campaign=v2.1#tabtop,Sunday Brunch,2019-04-14,2019-04-14
288350.0,71443,Palmshore,https://www.zomato.com/chennai/palmshore-ashok-nagar/photos?utm_source=api_basic_user&utm_medium=api&utm_campaign=v2.1#tabtop,Sunday Rewind | Ft. DJ Sam,2019-04-14,2019-04-14
204342.0,18588039,Fromage,https://www.zomato.com/chennai/fromage-mrc-nagar/photos?utm_source=api_basic_user&utm_medium=api&utm_campaign=v2.1#tabtop,Corporate Lunch | Buffet | Monday - Saturday | @ INR 599,2019-04-15,2019-04-15
264218.0,72497,Palmshore,https://www.zomato.com/chennai/palmshore-ramapuram/photos?utm_source=api_basic_user&utm_medium=api&utm_campaign=v2.1#tabtop,Monday Madness | Ft. DJ Sam | Full Day Happy Hours,2019-04-15,2019-04-15
332261.0,70496,Sukkubhai Biriyani,https://www.zomato.com/chennai/sukkubhai-biriyani-alandur/photos?utm_source=api_basic_user&utm_medium=api&utm_campaign=v2.1#tabtop,IPL Live Screening at The Reservoire,2019-03-28,2019-05-12
309852.0,18665421,Blind Ch3mistry,https://www.zomato.com/chennai/blind-ch3mistry-besant-nagar/photos?utm_source=api_basic_user&utm_medium=api&utm_campaign=v2.1#tabtop,Happy Corporate Hours: 15% off! ,2019-04-02,2019-05-07
317312.0,18666824,AB's - Absolute Barbecues,https://www.zomato.com/chennai/abs-absolute-barbecues-navallur/photos?utm_source=api_basic_user&utm_medium=api&utm_campaign=v2.1#tabtop,Happy Hours @ Reservoire,2019-04-09,2019-05-26
337463.0,71405,Barbeque Nation,https://www.zomato.com/chennai/barbeque-nation-thuraipakkam/photos?utm_source=api_basic_user&utm_medium=api&utm_campaign=v2.1#tabtop,SUNDAY TIKI BRUNCH,2019-04-09,2019-06-09
297581.0,18619095,Palmshore,https://www.zomato.com/chennai/palmshore-egmore/photos?utm_source=api_basic_user&utm_medium=api&utm_campaign=v2.1#tabtop,LADIES NIGHT & BOLLYWOOD KARAOKE,2019-01-13,2019-07-28
328516.0,18540650,Guntur Gongura,https://www.zomato.com/chennai/guntur-gongura-sholinganallur/photos?utm_source=api_basic_user&utm_medium=api&utm_campaign=v2.1#tabtop,IPL OFFERS WITH LIVE SCREENING,2019-03-23,2019-05-12
330592.0,800894,Mubeen's,https://www.zomato.com/lucknow/mubeens-chowk/photos?utm_source=api_basic_user&utm_medium=api&utm_campaign=v2.1#tabtop,HAPPY HOURS 1+1 ON ALL LIQUORS FULL DAY,2019-03-25,2019-04-30
331692.0,800468,Tunday Kababi,https://www.zomato.com/lucknow/tunday-kababi-2-aminabad/photos?utm_source=api_basic_user&utm_medium=api&utm_campaign=v2.1#tabtop,WEDNESDAY LADIES NIGHT WITH DJ ARPITAA ,2019-03-27,2019-04-30
332016.0,18801082,Farzi Café,https://www.zomato.com/lucknow/farzi-café-1-gomti-nagar/photos?utm_source=api_basic_user&utm_medium=api&utm_campaign=v2.1#tabtop,SEASONAL FRUITS BREWED BEER,2019-03-27,2019-04-30
332016.0,18801082,Farzi Café,https://www.zomato.com/lucknow/farzi-café-1-gomti-nagar/photos?utm_source=api_basic_user&utm_medium=api&utm_campaign=v2.1#tabtop,SEASONAL FRUITS BREWED BEER,2019-03-27,2019-04-30
332016.0,18801082,Farzi Café,https://www.zomato.com/lucknow/farzi-café-1-gomti-nagar/photos?utm_source=api_basic_user&utm_medium=api&utm_campaign=v2.1#tabtop,SEASONAL FRUITS BREWED BEER,2019-03-27,2019-04-30
332132.0,18970077,The Hazelnut Factory,https://www.zomato.com/lucknow/the-hazelnut-factory-nirala-nagar/photos?utm_source=api_basic_user&utm_medium=api&utm_campaign=v2.1#tabtop,WEEKLY OFFERS AND EVENTS,2019-03-28,2019-04-30
315874.0,801170,Spice Caves,https://www.zomato.com/spicecaves/photos?utm_source=api_basic_user&utm_medium=api&utm_campaign=v2.1#tabtop,Bollywood Night with DJ Oppozit,2019-03-28,2019-04-26
320441.0,18560184,The Terrace ,https://www.zomato.com/lucknow/the-terrace-2-hazratganj/photos?utm_source=api_basic_user&utm_medium=api&utm_campaign=v2.1#tabtop,Happy Hours Menu,2019-04-08,2019-04-30
317384.0,18971277,Cafe Repertwahr,https://www.zomato.com/lucknow/cafe-repertwahr-indira-nagar/photos?utm_source=api_basic_user&utm_medium=api&utm_campaign=v2.1#tabtop,Plan Your Corporate Event!,2019-04-08,2019-04-30
319262.0,800179,Mahalaxmi Sweets,https://www.zomato.com/lucknow/mahalaxmi-sweets-aliganj/photos?utm_source=api_basic_user&utm_medium=api&utm_campaign=v2.1#tabtop,X019' Match Screening ,2019-04-09,2019-05-05
314958.0,18980427,Bombay Remix,https://www.zomato.com/lucknow/bombay-remix-1-gomti-nagar/photos?utm_source=api_basic_user&utm_medium=api&utm_campaign=v2.1#tabtop,Unlimited Sparkling Wine Brunch !,2019-04-13,2019-04-30
332812.0,800152,Idrish Hotel,https://www.zomato.com/lucknow/idrish-hotel-chowk/photos?utm_source=api_basic_user&utm_medium=api&utm_campaign=v2.1#tabtop,Live 20/20 Match Screenings,2019-03-29,2019-05-23
337514.0,801960,Dosa Planet,https://www.zomato.com/lucknow/dosa-planet-1-aliganj/photos?utm_source=api_basic_user&utm_medium=api&utm_campaign=v2.1#tabtop,"queen bees , ladies night",2019-04-10,2019-04-10
332116.0,800483,Dastarkhwan,https://www.zomato.com/lucknow/dastarkhwan-1-kaiserbagh/photos?utm_source=api_basic_user&utm_medium=api&utm_campaign=v2.1#tabtop,Live Cricket Screening @ Cafe CO2,2019-03-28,2019-05-19
337013.0,801146,Madhurima Veg,https://www.zomato.com/lucknow/madhurima-veg-1-gomti-nagar/photos?utm_source=api_basic_user&utm_medium=api&utm_campaign=v2.1#tabtop,Alcoholic Weekdays! ,2019-04-09,2019-04-11
337013.0,801146,Madhurima Veg,https://www.zomato.com/lucknow/madhurima-veg-1-gomti-nagar/photos?utm_source=api_basic_user&utm_medium=api&utm_campaign=v2.1#tabtop,Alcoholic Weekdays! ,2019-04-09,2019-04-11
337015.0,18387297,The Manish Eating Point,https://www.zomato.com/lucknow/the-manish-eating-point-gomti-nagar/photos?utm_source=api_basic_user&utm_medium=api&utm_campaign=v2.1#tabtop,Girls Night Out,2019-04-10,2019-04-10
332959.0,800630,Royal Cafe,https://www.zomato.com/lucknow/royal-cafe-hazratganj/photos?utm_source=api_basic_user&utm_medium=api&utm_campaign=v2.1#tabtop,FAMILY OFFER,2019-03-29,2019-04-30
329559.0,18439027,Skyhilton,https://www.zomato.com/lucknow/skyhilton-1-alambagh/photos?utm_source=api_basic_user&utm_medium=api&utm_campaign=v2.1#tabtop,Grandma's Quiz Night! ,2019-04-11,2019-04-11
336866.0,901159,Westleys Restocafe (Formerly Burgeria),https://www.zomato.com/kochi/westleys-restocafe-formerly-burgeria-palarivattom/photos?utm_source=api_basic_user&utm_medium=api&utm_campaign=v2.1#tabtop,Gossip & Giggles ,2019-04-08,2019-12-31
336867.0,95256,Kashi Art Cafe,https://www.zomato.com/kochi/kashi-art-cafe-fort-kochi/photos?utm_source=api_basic_user&utm_medium=api&utm_campaign=v2.1#tabtop,A Night to Remember ,2019-04-08,2019-12-31
336718.0,903046,Nasi And Mee,https://www.zomato.com/kochi/nasi-and-mee-mg-road/photos?utm_source=api_basic_user&utm_medium=api&utm_campaign=v2.1#tabtop,HAPPY DAYS 1+1,2019-04-08,2019-05-31
332812.0,900668,KFC,https://www.zomato.com/kochi/kfc-kakkanad/photos?utm_source=api_basic_user&utm_medium=api&utm_campaign=v2.1#tabtop,Live 20/20 Match Screenings,2019-03-29,2019-05-23
327542.0,900524,Cafe 17,https://www.zomato.com/kochi/cafe-17-kaloor/photos?utm_source=api_basic_user&utm_medium=api&utm_campaign=v2.1#tabtop,Ladies Night- Every Thursday,2019-03-18,2019-12-31
337114.0,901622,The Grill Lab,https://www.zomato.com/kochi/the-grill-lab-palarivattom/photos?utm_source=api_basic_user&utm_medium=api&utm_campaign=v2.1#tabtop,IPL Quiz Night,2019-04-10,2019-04-10
337273.0,901665,Double Roti,https://www.zomato.com/kochi/double-roti-elamkulam/photos?utm_source=api_basic_user&utm_medium=api&utm_campaign=v2.1#tabtop,LIVE SCREENING,2019-04-09,2019-04-30
329193.0,900551,Aavi,https://www.zomato.com/kochi/aavi-panampilly-nagar/photos?utm_source=api_basic_user&utm_medium=api&utm_campaign=v2.1#tabtop,IPL T20 Match Screening,2019-03-23,2019-05-10
337301.0,102695,Thali and More,https://www.zomato.com/jaipur/thali-and-more-c-scheme/photos?utm_source=api_basic_user&utm_medium=api&utm_campaign=v2.1#tabtop,Meghna Dundi Trio LIVE,2019-04-10,2019-04-10
331960.0,100611,M.M. Khan Hotel,https://www.zomato.com/jaipur/m-m-khan-hotel-pink-city/photos?utm_source=api_basic_user&utm_medium=api&utm_campaign=v2.1#tabtop,IPL Live Screening!,2019-03-27,2019-05-05
336905.0,18868487,Vegetrainian,https://www.zomato.com/jaipur/vegetrainian-lal-kothi/photos?utm_source=api_basic_user&utm_medium=api&utm_campaign=v2.1#tabtop,Electronic Fridays with YOGI!,2019-04-12,2019-04-13
333451.0,100148,Kanha,https://www.zomato.com/jaipur/kanha-vaishali-nagar/photos?utm_source=api_basic_user&utm_medium=api&utm_campaign=v2.1#tabtop,Early Bird Offer on Buffet!,2019-04-01,2020-03-31
333452.0,101212,Tapri Central,https://www.zomato.com/jaipur/tapri-central-c-scheme/photos?utm_source=api_basic_user&utm_medium=api&utm_campaign=v2.1#tabtop,Corporate Offers at The Black Pearl Chennai,2019-04-01,2020-03-31
333452.0,101212,Tapri Central,https://www.zomato.com/jaipur/tapri-central-c-scheme/photos?utm_source=api_basic_user&utm_medium=api&utm_campaign=v2.1#tabtop,Corporate Offers at The Black Pearl Chennai,2019-04-01,2020-03-31
333454.0,101777,Kanha,https://www.zomato.com/jaipur/kanha-c-scheme/photos?utm_source=api_basic_user&utm_medium=api&utm_campaign=v2.1#tabtop,Special offers for Senior citizens and Complimentary mocktail per diner!,2019-04-01,2020-03-31
333454.0,101777,Kanha,https://www.zomato.com/jaipur/kanha-c-scheme/photos?utm_source=api_basic_user&utm_medium=api&utm_campaign=v2.1#tabtop,Special offers for Senior citizens and Complimentary mocktail per diner!,2019-04-01,2020-03-31
336453.0,18467090,Manuhaar,https://www.zomato.com/jaipur/manuhaar-mansarovar/photos?utm_source=api_basic_user&utm_medium=api&utm_campaign=v2.1#tabtop,Support Namma CSK,2019-04-07,2019-05-30
337249.0,18578663,Masala Ministry,https://www.zomato.com/jaipur/masala-ministry-c-scheme/photos?utm_source=api_basic_user&utm_medium=api&utm_campaign=v2.1#tabtop,Tamil Puthandu in Pirates Style,2019-04-14,2019-04-14
337249.0,18578663,Masala Ministry,https://www.zomato.com/jaipur/masala-ministry-c-scheme/photos?utm_source=api_basic_user&utm_medium=api&utm_campaign=v2.1#tabtop,Tamil Puthandu in Pirates Style,2019-04-14,2019-04-14
329269.0,18672107,Eleven 11 Restro Cafe,https://www.zomato.com/ahmedabad/eleven-11-restro-cafe-bodakdev/photos?utm_source=api_basic_user&utm_medium=api&utm_campaign=v2.1#tabtop,Buffet,2019-03-22,2019-04-30
331036.0,120687,Subway,https://www.zomato.com/chandigarh/subway-phase-10-mohali/photos?utm_source=api_basic_user&utm_medium=api&utm_campaign=v2.1#tabtop,CRICKET FEVER - 2019,2019-03-26,2019-05-30
335804.0,18848676,Beach N Brew,https://www.zomato.com/chandigarh/beach-n-brew-sector-26/photos?utm_source=api_basic_user&utm_medium=api&utm_campaign=v2.1#tabtop,Saturday Night with DJ SAAD!,2019-04-13,2019-04-14
335809.0,121896,Bhena Da Dhaba,https://www.zomato.com/chandigarh/bhena-da-dhaba-phase-5-mohali/photos?utm_source=api_basic_user&utm_medium=api&utm_campaign=v2.1#tabtop,Sunday Night with Indie Street Rockers!,2019-04-14,2019-04-15
332493.0,18634639,Pradhan Dhaba,https://www.zomato.com/chandigarh/pradhan-dhaba-sector-36/photos?utm_source=api_basic_user&utm_medium=api&utm_campaign=v2.1#tabtop,Enjoy live IPL with FBL,2019-03-28,2019-05-26
336239.0,123191,CAFÈ JC's,https://www.zomato.com/chandigarh/cafè-jcs-1-sector-10/photos?utm_source=api_basic_user&utm_medium=api&utm_campaign=v2.1#tabtop,Unlimited Navratri Chaat,2019-04-06,2019-04-13
328996.0,1400038,Apna Sweets,https://www.zomato.com/indore/apna-sweets-old-palasia/photos?utm_source=api_basic_user&utm_medium=api&utm_campaign=v2.1#tabtop,IPL Live Screening,2019-03-23,2019-05-19
328614.0,18715348,The Monroe,https://www.zomato.com/indore/the-monroe-new-palasia/photos?utm_source=api_basic_user&utm_medium=api&utm_campaign=v2.1#tabtop,IPL SPECIALS,2019-03-25,2019-05-31
336485.0,1402185,Shree Gurukripa,https://www.zomato.com/indore/shree-gurukripa-vijay-nagar/photos?utm_source=api_basic_user&utm_medium=api&utm_campaign=v2.1#tabtop,Wow Wednesday,2019-04-10,2019-04-10
334436.0,1401724,Hotel Guru Kripa Avenue,https://www.zomato.com/indore/hotel-guru-kripa-avenue-sarwate-bus-stand/photos?utm_source=api_basic_user&utm_medium=api&utm_campaign=v2.1#tabtop,GOOD MORNING JAIPUR,2019-04-03,2019-04-30
327296.0,18746039,Osm Restaurant,https://www.zomato.com/gangtok/osm-restaurant-vishal-gaon/photos?utm_source=api_basic_user&utm_medium=api&utm_campaign=v2.1#tabtop,Live Sports Screening @Makeba The Lounge Cafe,2019-03-23,2019-05-19
327580.0,18746062,Cafe Live & Loud ,https://www.zomato.com/gangtok/cafe-live-loud-arithang/photos?utm_source=api_basic_user&utm_medium=api&utm_campaign=v2.1#tabtop,"SALAD FEST - "" The Summer of Salads """,2019-03-18,2019-04-30
208222.0,18746689,Baker's Cafe,https://www.zomato.com/gangtok/bakers-cafe-tadong/photos?utm_source=api_basic_user&utm_medium=api&utm_campaign=v2.1#tabtop,IPL Live screening,2019-03-23,2019-05-12
329816.0,16500333,Nimtho,https://www.zomato.com/gangtok/nimtho-1-vishal-gaon/photos?utm_source=api_basic_user&utm_medium=api&utm_campaign=v2.1#tabtop,IPL LIVE SCREENING ,2019-03-23,2019-05-06
332812.0,18608708,Burger King,https://www.zomato.com/nashik/burger-king-1-college-road/photos?utm_source=api_basic_user&utm_medium=api&utm_campaign=v2.1#tabtop,Live 20/20 Match Screenings,2019-03-29,2019-05-23
335248.0,1600301,Cellar Door @ York,https://www.zomato.com/nashik/cellar-door-york-satpur/photos?utm_source=api_basic_user&utm_medium=api&utm_campaign=v2.1#tabtop,Navratri Special Menu,2019-04-04,2019-04-14
225765.0,18573795,The FRIENDS Bistro,https://www.zomato.com/nashik/the-friends-bistro-1-college-road/photos?utm_source=api_basic_user&utm_medium=api&utm_campaign=v2.1#tabtop,Dessert Time!!,2018-06-10,2019-06-10
326572.0,18962186,Hotel Mughal Darbar,https://www.zomato.com/nashik/hotel-mughal-darbar-panchavati/photos?utm_source=api_basic_user&utm_medium=api&utm_campaign=v2.1#tabtop,Rotisserie special roast chicken ,2019-03-15,2019-06-01
337488.0,18698690,Nahar Sidewalk Cafe,https://www.zomato.com/ooty/nahar-sidewalk-cafe-elk-hill/photos?utm_source=api_basic_user&utm_medium=api&utm_campaign=v2.1#tabtop,Friday Artisans Bazaar with Live Music On SITAR at Purple Martini at Sunset Point,2019-04-12,2019-04-12
337489.0,18698726,Hyderabad Biriyani House,https://www.zomato.com/ooty/hyderabad-biriyani-house-kandal/photos?utm_source=api_basic_user&utm_medium=api&utm_campaign=v2.1#tabtop,SAX Sunsets with Saxophonist David Goren DJ Set By Tashi - I at Purple Martini at Sunset Point,2019-04-13,2019-04-13
337490.0,18699624,Shinkows Chinese Restaurant ,https://www.zomato.com/ooty/shinkows-chinese-restaurant-elk-hill/photos?utm_source=api_basic_user&utm_medium=api&utm_campaign=v2.1#tabtop,Shanti Sundays with Saxophonist ARTEMIY at Purple Martini at Sunset Point,2019-04-14,2019-04-14
334112.0,18698658,Place To Bee,https://www.zomato.com/ooty/place-to-bee-kandal/photos?utm_source=api_basic_user&utm_medium=api&utm_campaign=v2.1#tabtop,Mango Mania,2019-04-02,2019-04-30
334112.0,18698644,Cocoapods,https://www.zomato.com/ooty/cocoapods-kandal/photos?utm_source=api_basic_user&utm_medium=api&utm_campaign=v2.1#tabtop,Mango Mania,2019-04-02,2019-04-30
334112.0,18848790,The Brew Estate,https://www.zomato.com/shimla/the-brew-estate-longwood/photos?utm_source=api_basic_user&utm_medium=api&utm_campaign=v2.1#tabtop,Mango Mania,2019-04-02,2019-04-30
332770.0,18697142,Facebook Point,https://www.zomato.com/kanpur/facebook-point-1-nandlal-chawraha/photos?utm_source=api_basic_user&utm_medium=api&utm_campaign=v2.1#tabtop,IPL Live Streaming,2019-03-29,2019-05-12
330084.0,3701130,PY Cafe,https://www.zomato.com/puducherry/py-cafe-mg-road/photos?utm_source=api_basic_user&utm_medium=api&utm_campaign=v2.1#tabtop,IPL Live Screening,2019-03-24,2019-05-19
336304.0,3700572,Bread & Chocolate,https://www.zomato.com/puducherry/bread-chocolate-auroville/photos?utm_source=api_basic_user&utm_medium=api&utm_campaign=v2.1#tabtop,GOT FINAL SEASON S08E01,2019-04-15,2019-04-15
329596.0,3700069,Le Cafe,https://www.zomato.com/puducherry/le-cafe-white-town/photos?utm_source=api_basic_user&utm_medium=api&utm_campaign=v2.1#tabtop,Sports Unlimited,2019-03-23,2019-07-31
336612.0,3700010,Auroville Bakery,https://www.zomato.com/puducherry/auroville-bakery-auroville/photos?utm_source=api_basic_user&utm_medium=api&utm_campaign=v2.1#tabtop,BUY 1 GET 1,2019-04-08,2019-04-30
336615.0,3700656,Margaritas,https://www.zomato.com/puducherry/margaritas-1-white-town/photos?utm_source=api_basic_user&utm_medium=api&utm_campaign=v2.1#tabtop,Kitty Party ,2019-04-08,2019-06-30
336285.0,18589557,Vegji's,https://www.zomato.com/surat/vegjis-1-athwa/photos?utm_source=api_basic_user&utm_medium=api&utm_campaign=v2.1#tabtop,SPECIAL VEGETARIAN DISHES,2019-04-06,2019-04-17
332137.0,18783529,Kailash Sweets & Snacks,https://www.zomato.com/surat/kailash-sweets-snacks-adajan-patiya/photos?utm_source=api_basic_user&utm_medium=api&utm_campaign=v2.1#tabtop,Cricket Fever,2019-03-28,2019-05-30
332135.0,3900045,Domino's Pizza,https://www.zomato.com/varanasi/dominos-pizza-chetganj/photos?utm_source=api_basic_user&utm_medium=api&utm_campaign=v2.1#tabtop,Cricket Fever,2019-03-28,2019-05-30
308544.0,5800634,Elite Indian Restaurant,https://www.zomato.com/colombo/elite-indian-restaurant-bambalapitiya-colombo-04/photos?utm_source=api_basic_user&utm_medium=api&utm_campaign=v2.1#tabtop,Business Lunch,2019-01-29,2019-04-29
301593.0,5800755,Upali's,https://www.zomato.com/colombo/upalis-cinnamon-gardens-colombo-07/photos?utm_source=api_basic_user&utm_medium=api&utm_campaign=v2.1#tabtop,The Huddle Grub Lunch,2019-01-20,2019-05-31
301586.0,5800612,Burger's King,https://www.zomato.com/colombo/burgers-king-slave-island-colombo-02/photos?utm_source=api_basic_user&utm_medium=api&utm_campaign=v2.1#tabtop,Buy 2 Get 1 Free,2019-01-20,2019-05-31
301585.0,18286221,Sarıhan,https://www.zomato.com/sarihan/photos?utm_source=api_basic_user&utm_medium=api&utm_campaign=v2.1#tabtop,The Happiest Hour,2019-01-21,2019-05-31
301591.0,5915530,Nusr-Et Steakhouse,https://www.zomato.com/istanbul/nusr-et-steakhouse-etiler-merkez-istanbul/photos?utm_source=api_basic_user&utm_medium=api&utm_campaign=v2.1#tabtop,Meat Me on Monday,2019-01-21,2019-05-31
301888.0,18264711,Ercan Steakhouse,https://www.zomato.com/istanbul/ercan-steakhouse-ziya-gökalp-istanbul/photos?utm_source=api_basic_user&utm_medium=api&utm_campaign=v2.1#tabtop,Late 8,2019-01-21,2019-05-31
301592.0,5926083,Joker No:19,https://www.zomato.com/istanbul/joker-no-19-beşiktaş-merkez-istanbul/photos?utm_source=api_basic_user&utm_medium=api&utm_campaign=v2.1#tabtop,Taco Tuesdays,2019-01-22,2019-05-31
301588.0,18453909,Asuman,https://www.zomato.com/istanbul/asuman-moda-istanbul/photos?utm_source=api_basic_user&utm_medium=api&utm_campaign=v2.1#tabtop,Huddlelicious Tuesdays,2019-01-22,2019-05-31
301590.0,18140481,Mendel's,https://www.zomato.com/istanbul/mendels-akaretler-istanbul/photos?utm_source=api_basic_user&utm_medium=api&utm_campaign=v2.1#tabtop,Knock-Out Thursdays,2019-01-24,2019-05-31
316246.0,5916219,Biber Burger,https://www.zomato.com/istanbul/biber-burger-beşiktaş-merkez-istanbul/photos?utm_source=api_basic_user&utm_medium=api&utm_campaign=v2.1#tabtop,The Huddle Bollywood Night,2019-04-26,2019-04-27
316249.0,5916870,Kukis,https://www.zomato.com/istanbul/kukis-acıbadem-merkez-istanbul/photos?utm_source=api_basic_user&utm_medium=api&utm_campaign=v2.1#tabtop,The Huddle Bollywood Night,2019-04-26,2019-04-27
337390.0,5906444,Tarihi Viktor Levi Şarap Evi,https://www.zomato.com/istanbul/tarihi-viktor-levi-şarap-evi-kadıköy-merkez-istanbul/photos?utm_source=api_basic_user&utm_medium=api&utm_campaign=v2.1#tabtop,Vishu Sadhya,2019-04-15,2019-04-15
335476.0,18384475,Happy Moon's,https://www.zomato.com/istanbul/happy-moons-batı-ataşehir-istanbul/photos?utm_source=api_basic_user&utm_medium=api&utm_campaign=v2.1#tabtop,4th Anniversary Celebration!,2019-04-29,2019-05-01
334878.0,6000549,Meşhur Tavacı Recep Usta,https://www.zomato.com/ankara/meşhur-tavacı-recep-usta-dikmen/photos?utm_source=api_basic_user&utm_medium=api&utm_campaign=v2.1#tabtop,Traditional Kerala Style Vishu Sadya,2019-04-15,2019-04-15
308361.0,6201346,Zaffran Café,https://www.zomato.com/doha/zaffran-café-al-muntazah/photos?utm_source=api_basic_user&utm_medium=api&utm_campaign=v2.1#tabtop,Introducing the Ultimate Shakshouka & The Denny's Bennies,2019-02-05,2019-04-30
308361.0,6201346,Zaffran Café,https://www.zomato.com/doha/zaffran-café-al-muntazah/photos?utm_source=api_basic_user&utm_medium=api&utm_campaign=v2.1#tabtop,Introducing the Ultimate Shakshouka & The Denny's Bennies,2019-02-05,2019-04-30
241424.0,6200166,Wok of Fame,https://www.zomato.com/doha/wok-of-fame-al-waab/photos?utm_source=api_basic_user&utm_medium=api&utm_campaign=v2.1#tabtop,2 for 1 Monday’s,2018-08-02,2019-08-12
308928.0,6201309,MRA Bakery Sweets & Restaurant,https://www.zomato.com/doha/mra-bakery-sweets-restaurant-al-ghanim/photos?utm_source=api_basic_user&utm_medium=api&utm_campaign=v2.1#tabtop,2 for 1 Brunch - Every Friday,2019-02-05,2019-12-31
335542.0,6200110,Aalishan,https://www.zomato.com/doha/aalishan-al-muntazah/photos?utm_source=api_basic_user&utm_medium=api&utm_campaign=v2.1#tabtop,Vishu Celebration at Ghee Rice,2019-04-14,2019-04-14
252193.0,6800878,The Alchemist,https://www.zomato.com/manchester/the-alchemist-spinningfields/photos?utm_source=api_basic_user&utm_medium=api&utm_campaign=v2.1#tabtop,Unlimited Korean BBQ,2018-09-07,2019-07-31
252193.0,6800878,The Alchemist,https://www.zomato.com/manchester/the-alchemist-spinningfields/photos?utm_source=api_basic_user&utm_medium=api&utm_campaign=v2.1#tabtop,Unlimited Korean BBQ,2018-09-07,2019-07-31
252193.0,6800878,The Alchemist,https://www.zomato.com/manchester/the-alchemist-spinningfields/photos?utm_source=api_basic_user&utm_medium=api&utm_campaign=v2.1#tabtop,Unlimited Korean BBQ,2018-09-07,2019-07-31
252193.0,6800878,The Alchemist,https://www.zomato.com/manchester/the-alchemist-spinningfields/photos?utm_source=api_basic_user&utm_medium=api&utm_campaign=v2.1#tabtop,Unlimited Korean BBQ,2018-09-07,2019-07-31
252193.0,6800878,The Alchemist,https://www.zomato.com/manchester/the-alchemist-spinningfields/photos?utm_source=api_basic_user&utm_medium=api&utm_campaign=v2.1#tabtop,Unlimited Korean BBQ,2018-09-07,2019-07-31
252193.0,6800878,The Alchemist,https://www.zomato.com/manchester/the-alchemist-spinningfields/photos?utm_source=api_basic_user&utm_medium=api&utm_campaign=v2.1#tabtop,Unlimited Korean BBQ,2018-09-07,2019-07-31
252193.0,6800878,The Alchemist,https://www.zomato.com/manchester/the-alchemist-spinningfields/photos?utm_source=api_basic_user&utm_medium=api&utm_campaign=v2.1#tabtop,Unlimited Korean BBQ,2018-09-07,2019-07-31
252193.0,6800878,The Alchemist,https://www.zomato.com/manchester/the-alchemist-spinningfields/photos?utm_source=api_basic_user&utm_medium=api&utm_campaign=v2.1#tabtop,Unlimited Korean BBQ,2018-09-07,2019-07-31
322902.0,75026,Baobab Cafe & Grill,https://www.zomato.com/pretoria/baobab-cafe-grill-menlyn/photos?utm_source=api_basic_user&utm_medium=api&utm_campaign=v2.1#tabtop,Happier Hour,2019-03-01,2019-04-30
305850.0,18136493,Hogshead,https://www.zomato.com/pretoria/hogshead-waterkloof/photos?utm_source=api_basic_user&utm_medium=api&utm_campaign=v2.1#tabtop,Smoky Thursdays,2019-03-01,2019-04-30
298162.0,18445936,Something's Cooking by J,https://www.zomato.com/pretoria/somethings-cooking-by-j-menlyn/photos?utm_source=api_basic_user&utm_medium=api&utm_campaign=v2.1#tabtop,Chocolate Tuesdays,2019-04-05,2019-08-21
329300.0,18319871,Zealong Tea Estate,https://www.zomato.com/hamilton/zealong-tea-estate-rototuna/photos?utm_source=api_basic_user&utm_medium=api&utm_campaign=v2.1#tabtop,Review us on Zomato,2019-03-22,2019-04-30
329301.0,7903141,Jacks Coffee Lounge,https://www.zomato.com/hamilton/jacks-coffee-lounge-hillcrest/photos?utm_source=api_basic_user&utm_medium=api&utm_campaign=v2.1#tabtop,Opening Promo,2019-03-22,2019-04-30
335217.0,7900287,The River Kitchen,https://www.zomato.com/hamilton/the-river-kitchen-hamilton-central/photos?utm_source=api_basic_user&utm_medium=api&utm_campaign=v2.1#tabtop,Knowledge is power,2019-04-04,2019-06-01
